pays,maturite,n,beta,se_hac,t,p,r2
DE,2Y,315,0.9553321534124724,0.0313771472616024,30.44674984145402,1.322652871292015e-203,0.8427518475868109
DE,5Y,315,0.7419640519659819,0.04368383309911963,16.984866009410126,1.0629609561000236e-64,0.6369772593304772
DE,10Y,315,0.38738895779505866,0.04456311721165406,8.693039940521698,3.528682545492129e-18,0.33525021663276167
FR,2Y,309,0.9302959032994699,0.03885172598773895,23.944776702920688,1.047365424967642e-126,0.8075690046480222
FR,5Y,312,0.7786206530121209,0.048534301434591955,16.04268795465083,6.430961229043294e-58,0.6204737864312355
FR,10Y,315,0.40759693747174375,0.04753339348444495,8.574959782855135,9.912142642671617e-18,0.3106475659507152
IT,2Y,263,0.912801310561767,0.1143902081254747,7.9797154452286225,1.4667102561753533e-15,0.45260124014357483
IT,5Y,263,0.7987216276533581,0.12509500807119509,6.384920069702407,1.7148701704535307e-10,0.3065435272355671
IT,10Y,263,0.5136531477386153,0.12553393168083712,4.091747473062097,4.2813472919344505e-05,0.17140491890271037
ES,2Y,315,0.8212831897798332,0.06394334324640279,12.843920071790045,9.304122750716244e-38,0.5824225464836668
ES,5Y,315,0.6906117384079739,0.08413204883513269,8.208664212627394,2.236627628256772e-16,0.38651302525950637
ES,10Y,315,0.4252770454667269,0.0836107580305718,5.086391458276538,3.649404185404163e-07,0.18112469835643052
